{
    "sec_cik": "0000012927",
    "sec_company_name": "BOEING CO (Filer)",
    "document_type": "10K",
    "sec_form_header": "Form 10-K",
    "sec_period_of_report": "20121231",
    "sec_filing_date": "20130211",
    "sec_changed_date": "20130211",
    "sec_accepted_date": "20130211125046",
    "sec_index_url": "https://www.sec.gov//Archives/edgar/data/12927/000001292713000014/0000012927-13-000014-index.htm",
    "sec_url": "https://www.sec.gov//Archives/edgar/data/12927/000001292713000014/0000012927-13-000014.txt",
    "metadata_file_name": "/Users/ShengYangWang/Downloads/SEC-EDGAR-text/output_files_examples/batch_0001/001/BA_0000012927_10K_20121231_Item7A_metadata.json",
    "original_file_name": "",
    "original_file_size": "3353818 chars",
    "document_group": "10-K",
    "section_name": "Item7A",
    "section_n_characters": 2097,
    "endpoints": [
        "Item 7A. Quantitative and Qualitative Disclosures About Market Risk",
        "Item 8. Financial Statements and Supplementary Data"
    ],
    "extraction_method": "html",
    "warnings": [],
    "company_description": "BA",
    "output_file": "/Users/ShengYangWang/Downloads/SEC-EDGAR-text/output_files_examples/batch_0001/001/BA_0000012927_10K_20121231_Item7A_excerpt.txt",
    "time_elapsed": 1.2,
    "batch_number": 1,
    "batch_signature": "",
    "batch_start_time": "2020-04-28 18:41:50.730882",
    "batch_machine_id": "Sheng-yangs-iMac.local",
    "section_end_time": "2020-04-28 18:42:13.369584"
}