{
    "sec_cik": "0000012927",
    "sec_company_name": "BOEING CO (Filer)",
    "document_type": "10KA",
    "sec_form_header": "Form 10-K/A",
    "sec_period_of_report": "20161231",
    "sec_filing_date": "20170210",
    "sec_changed_date": "20170209",
    "sec_accepted_date": "20170209183957",
    "sec_index_url": "https://www.sec.gov//Archives/edgar/data/12927/000001292717000012/0000012927-17-000012-index.htm",
    "sec_url": "https://www.sec.gov//Archives/edgar/data/12927/000001292717000012/0000012927-17-000012.txt",
    "metadata_file_name": "/Users/ShengYangWang/Downloads/SEC-EDGAR-text/output_files_examples/batch_0001/001/BA_0000012927_10KA_20161231_Item1_failure.json",
    "original_file_name": "",
    "original_file_size": "72026 chars",
    "document_group": "10-K",
    "section_name": "Item1",
    "section_n_characters": null,
    "endpoints": [
        "na",
        "na"
    ],
    "extraction_method": "html",
    "warnings": [
        "Extraction did not work for HTML file"
    ],
    "company_description": "BA",
    "output_file": null,
    "time_elapsed": 0.0,
    "batch_number": 1,
    "batch_signature": "",
    "batch_start_time": "2020-04-28 18:41:50.730882",
    "batch_machine_id": "Sheng-yangs-iMac.local",
    "section_end_time": "2020-04-28 18:41:59.792763"
}