{
    "sec_cik": "0000012927",
    "sec_company_name": "BOEING CO (Filer)",
    "document_type": "10K",
    "sec_form_header": "Form 10-K",
    "sec_period_of_report": "20111231",
    "sec_filing_date": "20120209",
    "sec_changed_date": "20120209",
    "sec_accepted_date": "20120209123700",
    "sec_index_url": "https://www.sec.gov//Archives/edgar/data/12927/000119312512048565/0001193125-12-048565-index.htm",
    "sec_url": "https://www.sec.gov//Archives/edgar/data/12927/000119312512048565/0001193125-12-048565.txt",
    "metadata_file_name": "/Users/ShengYangWang/Downloads/SEC-EDGAR-text/output_files_examples/batch_0001/001/BA_0000012927_10K_20111231_Item1A_metadata.json",
    "original_file_name": "",
    "original_file_size": "2043606 chars",
    "document_group": "10-K",
    "section_name": "Item1A",
    "section_n_characters": 34161,
    "endpoints": [
        "Item 1A. Risk Factors  ",
        " Item 2. Properties"
    ],
    "extraction_method": "html",
    "warnings": [],
    "company_description": "BA",
    "output_file": "/Users/ShengYangWang/Downloads/SEC-EDGAR-text/output_files_examples/batch_0001/001/BA_0000012927_10K_20111231_Item1A_excerpt.txt",
    "time_elapsed": 1.4,
    "batch_number": 1,
    "batch_signature": "",
    "batch_start_time": "2020-04-28 18:41:50.730882",
    "batch_machine_id": "Sheng-yangs-iMac.local",
    "section_end_time": "2020-04-28 18:42:15.899351"
}