{
    "sec_cik": "0000012927",
    "sec_company_name": "BOEING CO (Filer)",
    "document_type": "EX992",
    "sec_form_header": "Form 10-K/A",
    "sec_period_of_report": "20161231",
    "sec_filing_date": "20170210",
    "sec_changed_date": "20170209",
    "sec_accepted_date": "20170209183957",
    "sec_index_url": "https://www.sec.gov//Archives/edgar/data/12927/000001292717000012/0000012927-17-000012-index.htm",
    "sec_url": "https://www.sec.gov//Archives/edgar/data/12927/000001292717000012/0000012927-17-000012.txt",
    "metadata_file_name": "/Users/ShengYangWang/Downloads/SEC-EDGAR-text/output_files_examples/batch_0001/001/BA_0000012927_EX992_20161231_EX-99_metadata.json",
    "original_file_name": "file was not saved locally",
    "original_file_size": "2695 chars",
    "document_group": "EX-99",
    "section_name": "EX-99",
    "section_n_characters": 1189,
    "endpoints": [
        "Exhibit   ",
        "Section 219 of the Iran Threat Reduction and Syria Human Rights Act of 2012 and Section 13(r) of the Securities Exchange Act of 1934, as amended (the “Act”), require disclosure of certain activities, transactions or dealings relating to Iran that occurred during the period covered by this report. Disclosure is required even if the activities, transactions or dealings were conducted in compliance with applicable law. During the first quarter of 2016, we provided updates to aircraft maintenance manuals to Iran Air Tours. We generated approximately $139 thousand in gross revenues and $16 thousand in net profits during the first quarter from these activities. These transfers were authorized by a license from the U.S. Office of Foreign Assets Control (“OFAC”). Boeing applied for the OFAC license consistent with guidance from the U.S. Government in connection with ongoing negotiations between the “P5+1” nations and Iran related to, among other things, the safety of Iran’s civil aviation industry. We may engage in additional activities pursuant to this license."
    ],
    "extraction_method": "html",
    "warnings": [],
    "company_description": "BA",
    "output_file": "/Users/ShengYangWang/Downloads/SEC-EDGAR-text/output_files_examples/batch_0001/001/BA_0000012927_EX992_20161231_EX-99_excerpt.txt",
    "time_elapsed": 0.0,
    "batch_number": 1,
    "batch_signature": "",
    "batch_start_time": "2020-04-28 18:41:50.730882",
    "batch_machine_id": "Sheng-yangs-iMac.local",
    "section_end_time": "2020-04-28 18:41:59.806531"
}