{
    "sec_cik": "0000936468",
    "sec_company_name": "LOCKHEED MARTIN CORP (Filer)",
    "document_type": "10K",
    "sec_form_header": "Form 10-K",
    "sec_period_of_report": "20141231",
    "sec_filing_date": "20150209",
    "sec_changed_date": "20150209",
    "sec_accepted_date": "20150209123942",
    "sec_index_url": "https://www.sec.gov//Archives/edgar/data/936468/000119312515038681/0001193125-15-038681-index.htm",
    "sec_url": "https://www.sec.gov//Archives/edgar/data/936468/000119312515038681/0001193125-15-038681.txt",
    "metadata_file_name": "/Users/ShengYangWang/Downloads/SEC-EDGAR-text/output_files_examples/batch_0001/001/LMT_0000936468_10K_20141231_Item7A_metadata.json",
    "original_file_name": "",
    "original_file_size": "1333330 chars",
    "document_group": "10-K",
    "section_name": "Item7A",
    "section_n_characters": 5845,
    "endpoints": [
        "ITEM 7A. Quantitative and Qualitative Disclosures About Market Risk.  ",
        " ITEM 8. Financial Statements and Supplementary Data."
    ],
    "extraction_method": "html",
    "warnings": [],
    "company_description": "LMT",
    "output_file": "/Users/ShengYangWang/Downloads/SEC-EDGAR-text/output_files_examples/batch_0001/001/LMT_0000936468_10K_20141231_Item7A_excerpt.txt",
    "time_elapsed": 0.7,
    "batch_number": 1,
    "batch_signature": "",
    "batch_start_time": "2020-04-28 18:41:50.730882",
    "batch_machine_id": "Sheng-yangs-iMac.local",
    "section_end_time": "2020-04-28 18:42:34.769397"
}