{
    "sec_cik": "0000936468",
    "sec_company_name": "LOCKHEED MARTIN CORP (Filer)",
    "document_type": "10KA",
    "sec_form_header": "Form 10-K/A",
    "sec_period_of_report": "20171231",
    "sec_filing_date": "20180216",
    "sec_changed_date": "20180216",
    "sec_accepted_date": "20180216163709",
    "sec_index_url": "https://www.sec.gov//Archives/edgar/data/936468/000093646818000013/0000936468-18-000013-index.htm",
    "sec_url": "https://www.sec.gov//Archives/edgar/data/936468/000093646818000013/0000936468-18-000013.txt",
    "metadata_file_name": "/Users/ShengYangWang/Downloads/SEC-EDGAR-text/output_files_examples/batch_0001/001/LMT_0000936468_10KA_20171231_Item7_failure.json",
    "original_file_name": "",
    "original_file_size": "2024938 chars",
    "document_group": "10-K",
    "section_name": "Item7",
    "section_n_characters": null,
    "endpoints": [
        "na",
        "na"
    ],
    "extraction_method": "html",
    "warnings": [
        "Extraction did not work for HTML file"
    ],
    "company_description": "LMT",
    "output_file": null,
    "time_elapsed": 0.8,
    "batch_number": 1,
    "batch_signature": "",
    "batch_start_time": "2020-04-28 18:41:50.730882",
    "batch_machine_id": "Sheng-yangs-iMac.local",
    "section_end_time": "2020-04-28 18:42:26.489783"
}