{
    "sec_cik": "0000936468",
    "sec_company_name": "LOCKHEED MARTIN CORP (Filer)",
    "document_type": "10K",
    "sec_form_header": "Form 10-K",
    "sec_period_of_report": "20131231",
    "sec_filing_date": "20140214",
    "sec_changed_date": "20140214",
    "sec_accepted_date": "20140214165111",
    "sec_index_url": "https://www.sec.gov//Archives/edgar/data/936468/000119312514055034/0001193125-14-055034-index.htm",
    "sec_url": "https://www.sec.gov//Archives/edgar/data/936468/000119312514055034/0001193125-14-055034.txt",
    "metadata_file_name": "/Users/ShengYangWang/Downloads/SEC-EDGAR-text/output_files_examples/batch_0001/001/LMT_0000936468_10K_20131231_Item1_metadata.json",
    "original_file_name": "",
    "original_file_size": "1413746 chars",
    "document_group": "10-K",
    "section_name": "Item1",
    "section_n_characters": 33584,
    "endpoints": [
        "PART I  ",
        " ITEM 1A. Risk Factors."
    ],
    "extraction_method": "html",
    "warnings": [],
    "company_description": "LMT",
    "output_file": "/Users/ShengYangWang/Downloads/SEC-EDGAR-text/output_files_examples/batch_0001/001/LMT_0000936468_10K_20131231_Item1_excerpt.txt",
    "time_elapsed": 0.8,
    "batch_number": 1,
    "batch_signature": "",
    "batch_start_time": "2020-04-28 18:41:50.730882",
    "batch_machine_id": "Sheng-yangs-iMac.local",
    "section_end_time": "2020-04-28 18:42:36.518854"
}