{
    "sec_cik": "0000936468",
    "sec_company_name": "LOCKHEED MARTIN CORP (Filer)",
    "document_type": "10K",
    "sec_form_header": "Form 10-K",
    "sec_period_of_report": "20181231",
    "sec_filing_date": "20190208",
    "sec_changed_date": "20190208",
    "sec_accepted_date": "20190208113857",
    "sec_index_url": "https://www.sec.gov//Archives/edgar/data/936468/000093646819000009/0000936468-19-000009-index.htm",
    "sec_url": "https://www.sec.gov//Archives/edgar/data/936468/000093646819000009/0000936468-19-000009.txt",
    "metadata_file_name": "/Users/ShengYangWang/Downloads/SEC-EDGAR-text/output_files_examples/batch_0001/001/LMT_0000936468_10K_20181231_Item1A_metadata.json",
    "original_file_name": "",
    "original_file_size": "3751921 chars",
    "document_group": "10-K",
    "section_name": "Item1A",
    "section_n_characters": 56861,
    "endpoints": [
        "ITEM 1A. Risk Factors",
        "ITEM 2. Properties"
    ],
    "extraction_method": "html",
    "warnings": [],
    "company_description": "LMT",
    "output_file": "/Users/ShengYangWang/Downloads/SEC-EDGAR-text/output_files_examples/batch_0001/001/LMT_0000936468_10K_20181231_Item1A_excerpt.txt",
    "time_elapsed": 1.3,
    "batch_number": 1,
    "batch_signature": "",
    "batch_start_time": "2020-04-28 18:41:50.730882",
    "batch_machine_id": "Sheng-yangs-iMac.local",
    "section_end_time": "2020-04-28 18:42:21.803750"
}