{
    "sec_cik": "0000936468",
    "sec_company_name": "LOCKHEED MARTIN CORP (Filer)",
    "document_type": "10K",
    "sec_form_header": "Form 10-K",
    "sec_period_of_report": "20171231",
    "sec_filing_date": "20180206",
    "sec_changed_date": "20180206",
    "sec_accepted_date": "20180206162243",
    "sec_index_url": "https://www.sec.gov//Archives/edgar/data/936468/000093646818000009/0000936468-18-000009-index.htm",
    "sec_url": "https://www.sec.gov//Archives/edgar/data/936468/000093646818000009/0000936468-18-000009.txt",
    "metadata_file_name": "/Users/ShengYangWang/Downloads/SEC-EDGAR-text/output_files_examples/batch_0001/001/LMT_0000936468_10K_20171231_Item7_metadata.json",
    "original_file_name": "",
    "original_file_size": "3199828 chars",
    "document_group": "10-K",
    "section_name": "Item7",
    "section_n_characters": 163959,
    "endpoints": [
        "ITEM 7. Management’s Discussion and Analysis of Financial Condition and Results of Operations ",
        "ITEM 7A. Quantitative and Qualitative Disclosures About Market Risk"
    ],
    "extraction_method": "html",
    "warnings": [],
    "company_description": "LMT",
    "output_file": "/Users/ShengYangWang/Downloads/SEC-EDGAR-text/output_files_examples/batch_0001/001/LMT_0000936468_10K_20171231_Item7_excerpt.txt",
    "time_elapsed": 1.1,
    "batch_number": 1,
    "batch_signature": "",
    "batch_start_time": "2020-04-28 18:41:50.730882",
    "batch_machine_id": "Sheng-yangs-iMac.local",
    "section_end_time": "2020-04-28 18:42:28.740783"
}