{
    "sec_cik": "0001133421",
    "sec_company_name": "NORTHROP GRUMMAN CORP /DE/ (Filer)",
    "document_type": "10K",
    "sec_form_header": "Form 10-K",
    "sec_period_of_report": "20111231",
    "sec_filing_date": "20120208",
    "sec_changed_date": "20120208",
    "sec_accepted_date": "20120208090152",
    "sec_index_url": "https://www.sec.gov//Archives/edgar/data/1133421/000119312512045323/0001193125-12-045323-index.htm",
    "sec_url": "https://www.sec.gov//Archives/edgar/data/1133421/000119312512045323/0001193125-12-045323.txt",
    "metadata_file_name": "/Users/ShengYangWang/Downloads/SEC-EDGAR-text/output_files_examples/batch_0001/001/NOC_0001133421_10K_20111231_Item1_metadata.json",
    "original_file_name": "",
    "original_file_size": "1955478 chars",
    "document_group": "10-K",
    "section_name": "Item1",
    "section_n_characters": 34559,
    "endpoints": [
        "PART I  ",
        " Item1A. Risk Factors"
    ],
    "extraction_method": "html",
    "warnings": [],
    "company_description": "NOC",
    "output_file": "/Users/ShengYangWang/Downloads/SEC-EDGAR-text/output_files_examples/batch_0001/001/NOC_0001133421_10K_20111231_Item1_excerpt.txt",
    "time_elapsed": 1.3,
    "batch_number": 1,
    "batch_signature": "",
    "batch_start_time": "2020-04-28 18:41:50.730882",
    "batch_machine_id": "Sheng-yangs-iMac.local",
    "section_end_time": "2020-04-28 18:42:59.793379"
}