{
    "sec_cik": "0001133421",
    "sec_company_name": "NORTHROP GRUMMAN CORP /DE/ (Filer)",
    "document_type": "10K",
    "sec_form_header": "Form 10-K",
    "sec_period_of_report": "20171231",
    "sec_filing_date": "20180129",
    "sec_changed_date": "20180129",
    "sec_accepted_date": "20180129170925",
    "sec_index_url": "https://www.sec.gov//Archives/edgar/data/1133421/000113342118000005/0001133421-18-000005-index.htm",
    "sec_url": "https://www.sec.gov//Archives/edgar/data/1133421/000113342118000005/0001133421-18-000005.txt",
    "metadata_file_name": "/Users/ShengYangWang/Downloads/SEC-EDGAR-text/output_files_examples/batch_0001/001/NOC_0001133421_10K_20171231_Item7A_metadata.json",
    "original_file_name": "",
    "original_file_size": "2728386 chars",
    "document_group": "10-K",
    "section_name": "Item7A",
    "section_n_characters": 2163,
    "endpoints": [
        "Item 7A. Quantitative and Qualitative Disclosures About Market Risk",
        "Item 8. Financial Statements and Supplementary Data"
    ],
    "extraction_method": "html",
    "warnings": [],
    "company_description": "NOC",
    "output_file": "/Users/ShengYangWang/Downloads/SEC-EDGAR-text/output_files_examples/batch_0001/001/NOC_0001133421_10K_20171231_Item7A_excerpt.txt",
    "time_elapsed": 1.0,
    "batch_number": 1,
    "batch_signature": "",
    "batch_start_time": "2020-04-28 18:41:50.730882",
    "batch_machine_id": "Sheng-yangs-iMac.local",
    "section_end_time": "2020-04-28 18:42:47.835640"
}