{
    "sec_cik": "0001133421",
    "sec_company_name": "NORTHROP GRUMMAN CORP /DE/ (Filer)",
    "document_type": "10K",
    "sec_form_header": "Form 10-K",
    "sec_period_of_report": "20131231",
    "sec_filing_date": "20140203",
    "sec_changed_date": "20140203",
    "sec_accepted_date": "20140203164305",
    "sec_index_url": "https://www.sec.gov//Archives/edgar/data/1133421/000113342114000006/0001133421-14-000006-index.htm",
    "sec_url": "https://www.sec.gov//Archives/edgar/data/1133421/000113342114000006/0001133421-14-000006.txt",
    "metadata_file_name": "/Users/ShengYangWang/Downloads/SEC-EDGAR-text/output_files_examples/batch_0001/001/NOC_0001133421_10K_20131231_Item7A_metadata.json",
    "original_file_name": "",
    "original_file_size": "2749102 chars",
    "document_group": "10-K",
    "section_name": "Item7A",
    "section_n_characters": 2083,
    "endpoints": [
        "Item 7A. Quantitative and Qualitative Disclosures about Market Risk",
        "Item 8. Financial Statements and Supplementary Data"
    ],
    "extraction_method": "html",
    "warnings": [],
    "company_description": "NOC",
    "output_file": "/Users/ShengYangWang/Downloads/SEC-EDGAR-text/output_files_examples/batch_0001/001/NOC_0001133421_10K_20131231_Item7A_excerpt.txt",
    "time_elapsed": 1.0,
    "batch_number": 1,
    "batch_signature": "",
    "batch_start_time": "2020-04-28 18:41:50.730882",
    "batch_machine_id": "Sheng-yangs-iMac.local",
    "section_end_time": "2020-04-28 18:42:55.552863"
}