{
    "sec_cik": "0001047122",
    "sec_company_name": "RAYTHEON CO/ (Filer)",
    "document_type": "10K",
    "sec_form_header": "Form 10-K",
    "sec_period_of_report": "20151231",
    "sec_filing_date": "20160210",
    "sec_changed_date": "20160210",
    "sec_accepted_date": "20160210084756",
    "sec_index_url": "https://www.sec.gov//Archives/edgar/data/1047122/000104712216000210/0001047122-16-000210-index.htm",
    "sec_url": "https://www.sec.gov//Archives/edgar/data/1047122/000104712216000210/0001047122-16-000210.txt",
    "metadata_file_name": "/Users/ShengYangWang/Downloads/SEC-EDGAR-text/output_files_examples/batch_0001/001/RTN_0001047122_10K_20151231_Item1_metadata.json",
    "original_file_name": "",
    "original_file_size": "4127259 chars",
    "document_group": "10-K",
    "section_name": "Item1",
    "section_n_characters": 63175,
    "endpoints": [
        "PART I",
        "ITEM 1A. RISK FACTORS"
    ],
    "extraction_method": "html",
    "warnings": [],
    "company_description": "RTN",
    "output_file": "/Users/ShengYangWang/Downloads/SEC-EDGAR-text/output_files_examples/batch_0001/001/RTN_0001047122_10K_20151231_Item1_excerpt.txt",
    "time_elapsed": 1.5,
    "batch_number": 1,
    "batch_signature": "",
    "batch_start_time": "2020-04-28 18:41:50.730882",
    "batch_machine_id": "Sheng-yangs-iMac.local",
    "section_end_time": "2020-04-28 18:43:15.593736"
}