{
    "sec_cik": "0001047122",
    "sec_company_name": "RAYTHEON CO/ (Filer)",
    "document_type": "10K",
    "sec_form_header": "Form 10-K",
    "sec_period_of_report": "20141231",
    "sec_filing_date": "20150211",
    "sec_changed_date": "20150211",
    "sec_accepted_date": "20150211083329",
    "sec_index_url": "https://www.sec.gov//Archives/edgar/data/1047122/000104712215000026/0001047122-15-000026-index.htm",
    "sec_url": "https://www.sec.gov//Archives/edgar/data/1047122/000104712215000026/0001047122-15-000026.txt",
    "metadata_file_name": "/Users/ShengYangWang/Downloads/SEC-EDGAR-text/output_files_examples/batch_0001/001/RTN_0001047122_10K_20141231_Item7_metadata.json",
    "original_file_name": "",
    "original_file_size": "4154803 chars",
    "document_group": "10-K",
    "section_name": "Item7",
    "section_n_characters": 186255,
    "endpoints": [
        "ITEM 7. MANAGEMENT’S DISCUSSION AND ANALYSIS OF FINANCIAL CONDITION AND RESULTS OF OPERATIONS",
        "ITEM 7A. QUANTITATIVE AND QUALITATIVE DISCLOSURES ABOUT MARKET RISK"
    ],
    "extraction_method": "html",
    "warnings": [],
    "company_description": "RTN",
    "output_file": "/Users/ShengYangWang/Downloads/SEC-EDGAR-text/output_files_examples/batch_0001/001/RTN_0001047122_10K_20141231_Item7_excerpt.txt",
    "time_elapsed": 1.6,
    "batch_number": 1,
    "batch_signature": "",
    "batch_start_time": "2020-04-28 18:41:50.730882",
    "batch_machine_id": "Sheng-yangs-iMac.local",
    "section_end_time": "2020-04-28 18:43:18.548290"
}