{
    "sec_cik": "0001047122",
    "sec_company_name": "RAYTHEON CO/ (Filer)",
    "document_type": "10K",
    "sec_form_header": "Form 10-K",
    "sec_period_of_report": "20111231",
    "sec_filing_date": "20120222",
    "sec_changed_date": "20120222",
    "sec_accepted_date": "20120222163734",
    "sec_index_url": "https://www.sec.gov//Archives/edgar/data/1047122/000104712212000044/0001047122-12-000044-index.htm",
    "sec_url": "https://www.sec.gov//Archives/edgar/data/1047122/000104712212000044/0001047122-12-000044.txt",
    "metadata_file_name": "/Users/ShengYangWang/Downloads/SEC-EDGAR-text/output_files_examples/batch_0001/001/RTN_0001047122_10K_20111231_Item7A_metadata.json",
    "original_file_name": "",
    "original_file_size": "4159950 chars",
    "document_group": "10-K",
    "section_name": "Item7A",
    "section_n_characters": 2695,
    "endpoints": [
        "ITEM 7A. QUANTITATIVE AND QUALITATIVE DISCLOSURES ABOUT MARKET RISK",
        "ITEM 8. FINANCIAL STATEMENTS AND SUPPLEMENTARY DATA"
    ],
    "extraction_method": "html",
    "warnings": [],
    "company_description": "RTN",
    "output_file": "/Users/ShengYangWang/Downloads/SEC-EDGAR-text/output_files_examples/batch_0001/001/RTN_0001047122_10K_20111231_Item7A_excerpt.txt",
    "time_elapsed": 1.5,
    "batch_number": 1,
    "batch_signature": "",
    "batch_start_time": "2020-04-28 18:41:50.730882",
    "batch_machine_id": "Sheng-yangs-iMac.local",
    "section_end_time": "2020-04-28 18:43:27.161793"
}